City,lat,lon,Population
Marysville,48.0517637,-122.1770818,63269
Perris,33.7825194,-117.2286478,72326
Cleveland,41.49932,-81.6943605,390113
Worcester,42.2625932,-71.8022934,182544
Columbia,34.0007104,-81.0348144,133358
Waterbury,41.5581525,-73.0514965,109676
Eagan,44.8041322,-93.1668858,65453
Southfield,42.4733688,-83.2218731,73006
Lafayette,30.2240897,-92.0198427,124276
Boise City,43.6187102,-116.2146068,214237
Elkhart,41.6819935,-85.9766671,51265
Buena Park,33.8675143,-117.9981181,82882
Marietta,33.952602,-84.5499327,59089
Parker,39.5186002,-104.7613633,48608
West Palm Beach,26.7153424,-80.0533746,102436
Salem,42.51954,-70.8967155,42544
Aurora,41.7605849,-88.3200715,199963
Leesburg,39.1156615,-77.5636015,47673
Doral,25.8195424,-80.3553302,50213
Westminster,33.7513419,-117.9939921,91739
Lubbock,33.5778631,-101.8551665,239538
Overland Park,38.9822282,-94.6707917,181260
Jackson,32.2987573,-90.1848103,172638
Gastonia,35.262082,-81.1873005,73209
Daytona Beach,29.2108147,-81.0228331,62316
Kansas City,39.0997265,-94.5785667,467007
Rancho Palos Verdes,33.7444613,-118.3870173,42448
Burnsville,44.7677424,-93.2777226,61434
Rowlett,32.9029017,-96.56388,58043
Roswell,33.3942655,-104.5230242,48611
Montgomery,32.3668052,-86.2999689,201332
Logan,41.7369803,-111.8338359,48913
Woburn,42.4792618,-71.1522765,39083
Allentown,40.6084305,-75.4901833,118577
Mount Pleasant,32.8323225,-79.8284258,74885
Columbus,32.4609764,-84.9877094,202824
Buffalo,42.8864468,-78.8783689,258959
New Berlin,42.9764027,-88.1084224,39834
North Richland Hills,32.8342952,-97.2289029,67317
Lima,40.742551,-84.1052256,38355
Sacramento,38.5815719,-121.4943996,479686
Fort Smith,35.3859242,-94.3985475,87650
East Providence,41.8137116,-71.3700545,47149
Urbandale,41.6266555,-93.7121656,41776
Mount Vernon,40.9125992,-73.8370786,68224
Lakewood,39.7047095,-105.0813734,147214
Henderson,36.0395247,-114.9817213,270811
Covina,34.0900091,-117.8903397,48508
Stamford,41.0534302,-73.5387341,126456
Bloomington,39.165325,-86.5263857,82575
Kingsport,36.548434,-82.5618186,52962
Spokane,47.6587802,-117.4260466,210721
Kennewick,46.2112458,-119.1372338,76762
Philadelphia,39.9525839,-75.1652215,1553165
Bellingham,48.74908,-122.4781473,82631
Visalia,36.3302284,-119.2920585,127763
La Crosse,43.8013556,-91.2395807,51522
Council Bluffs,41.2619444,-95.8608333,61969
North Lauderdale,26.217305,-80.2258811,42757
Dallas,32.7766642,-96.7969879,1257676
Antioch,38.0049214,-121.805789,107100
Sterling Heights,42.5803122,-83.0302033,131224
Deerfield Beach,26.3184123,-80.0997657,78041
Fishers,39.9567548,-86.01335,83891
Cheyenne,41.1399814,-104.8202462,62448
Murrieta,33.5539143,-117.2139232,107479
Lenexa,38.9536174,-94.7335709,50344
Noblesville,40.0455917,-86.0085955,56540
Southaven,34.9889818,-90.0125913,50997
Chino,34.0122346,-117.688944,80988
Gaithersburg,39.1434406,-77.2013705,65690
Fountain Valley,33.7091847,-117.9536697,56707
Frederick,39.4142688,-77.4105409,66893
Greenville,35.612661,-77.3663538,89130
DeKalb,41.9294736,-88.7503647,43849
West Allis,43.0166806,-88.0070315,60697
Thornton,39.8680412,-104.9719243,127359
West Des Moines,41.5772115,-93.711332,61255
Fall River,41.7014912,-71.1550451,88697
Tulare,36.2077288,-119.3473379,61170
Chula Vista,32.6400541,-117.0841955,256780
Coral Springs,26.271192,-80.2706044,126604
Concord,35.4087517,-80.579511,83506
Smyrna,33.8839926,-84.5143761,53438
Apopka,28.6934076,-81.5322149,45587
Grand Forks,47.9252568,-97.0328547,54932
Lancaster,39.7136754,-82.5993294,39325
Naperville,41.7508391,-88.1535352,144864
Hollywood,26.0112014,-80.1494901,146526
Rogers,36.3320196,-94.1185366,60112
New Orleans,29.9510658,-90.0715323,378715
Lakewood,47.1717649,-122.518458,59097
Oak Lawn,41.719978,-87.7479528,57073
Caldwell,43.6629384,-116.6873596,48957
Portland,45.5230622,-122.6764816,609456
Concord,37.9779776,-122.0310733,125880
Burien,47.4703767,-122.3467918,49858
St. Charles,38.7881062,-90.4974359,67569
Waukesha,43.0116784,-88.2314813,71016
Flagstaff,35.1982836,-111.651302,68667
Puyallup,47.1853785,-122.2928974,38609
Schenectady,42.8142432,-73.9395687,65902
Denver,39.7392358,-104.990251,649495
Springfield,39.7817213,-89.6501481,117006
Campbell,37.2871651,-121.9499568,40584
Moreno Valley,33.9424658,-117.2296717,201175
Kettering,39.6895036,-84.1688274,55870
Lincoln Park,42.2505943,-83.1785361,37313
Lake Havasu City,34.483901,-114.3224548,52844
North Little Rock,34.769536,-92.2670941,66075
Reno,39.5296329,-119.8138027,233294
Littleton,39.613321,-105.0166498,44275
Prescott,34.5400242,-112.4685025,40590
Dublin,37.7021521,-121.9357918,52105
Texarkana,33.425125,-94.0476882,37442
Portland,43.661471,-70.2553259,66318
Brooklyn Park,45.0941315,-93.3563405,78373
West Haven,41.2705484,-72.9469711,55046
El Centro,32.792,-115.5630514,43363
The Colony,33.0806083,-96.8928309,39458
Flint,43.0125274,-83.6874562,99763
Pittsburg,38.0279762,-121.8846806,66695
Buckeye,33.3703197,-112.5837766,56683
Brea,33.9166805,-117.9000604,40963
Indio,33.7205771,-116.2155619,83539
Scottsdale,33.4941704,-111.9260519,226918
Columbus,39.9611755,-82.9987942,822553
Lancaster,40.0378755,-76.3055144,59325
Lincoln,40.8257625,-96.6851982,268738
Trenton,40.2170534,-74.7429384,84349
Boston,42.3600825,-71.0588801,645966
Glendora,34.1361187,-117.865339,51074
Rochester,44.0121221,-92.4801989,110742
Florissant,38.789217,-90.322614,52363
Annapolis,38.9784453,-76.4921829,38722
Chapel Hill,35.9131996,-79.0558445,59635
Lawrence,39.8386516,-86.0252612,47135
Calexico,32.6789476,-115.4988834,39389
Calumet City,41.6155909,-87.5294871,37240
Missoula,46.8787176,-113.996586,69122
Clovis,36.8252277,-119.7029194,99769
Pearland,29.5635666,-95.2860474,100065
Gilbert,33.3528264,-111.789027,229972
Wausau,44.9591352,-89.6301221,39309
Raleigh,35.7795897,-78.6381787,431746
Orange,33.7877944,-117.8531119,139969
Walnut Creek,37.9100783,-122.0651819,66900
Bremerton,47.5673202,-122.6329356,39056
Porterville,36.06523,-119.0167679,55174
Marana,32.436381,-111.2224422,38290
Tallahassee,30.4382559,-84.2807329,186411
Conroe,30.3118769,-95.4560512,63032
Blacksburg,37.2295733,-80.4139393,43609
San Antonio,29.4241219,-98.4936282,1409019
Hartford,41.7637111,-72.6850932,125017
Waterloo,42.492786,-92.3425775,68366
Binghamton,42.0986867,-75.9179738,46444
Meridian,43.6121087,-116.3915131,83596
Fond du Lac,43.7730448,-88.4470508,42970
Baytown,29.7355047,-94.9774274,75418
Cary,35.79154,-78.7811169,151088
Weymouth Town,42.2180724,-70.9410356,55419
Tulsa,36.1539816,-95.992775,398121
Mission,26.2159066,-98.3252932,81050
Cuyahoga Falls,41.1339449,-81.4845585,49267
Malden,42.4250964,-71.066163,60509
Allen,33.1031744,-96.6705503,92020
Tucson,32.2217429,-110.926479,526116
Franklin,35.9250637,-86.8688899,68886
Shakopee,44.7973962,-93.5272861,39167
Jacksonville,30.3321838,-81.655651,842583
Atlantic City,39.3642834,-74.4229266,39551
Erie,42.1292241,-80.085059,100671
Merced,37.3021632,-120.4829677,81102
Abilene,32.4487364,-99.7331439,120099
Yorba Linda,33.8886259,-117.8131125,67032
Greenville,34.8526176,-82.3940104,61397
Huntersville,35.410694,-80.8428504,50458
St. Clair Shores,42.4974085,-82.8963604,60070
Harrisburg,40.2731911,-76.8867008,49188
San Buenaventura (Ventura),34.274646,-119.2290316,108817
Fremont,37.5482697,-121.9885719,224922
Pueblo,38.2544472,-104.6091409,108249
Chelsea,42.3917638,-71.0328284,37670
Belleville,38.5200504,-89.9839935,42895
Minneapolis,44.977753,-93.2650108,400070
Bartlett,35.2045328,-89.8739753,58226
Wichita Falls,33.9137085,-98.4933873,104898
Missouri City,29.6185669,-95.5377215,70185
St. Louis,38.6270025,-90.1994042,318416
Pharr,26.1947962,-98.1836216,73790
Albuquerque,35.0853336,-106.6055534,556495
Athens-Clarke County,33.9519347,-83.357567,119980
South Jordan,40.5621704,-111.929658,59366
North Las Vegas,36.1988592,-115.1175013,226877
Pomona,34.055103,-117.7499909,151348
Eastvale,33.952463,-117.5848025,55191
Grove City,39.8814519,-83.0929644,37490
Lawrence,38.9716689,-95.2352501,90811
Midland,31.9973456,-102.0779146,123933
Oklahoma City,35.4675602,-97.5164276,610613
Oro Valley,32.3909071,-110.966488,41627
Mesa,33.4151843,-111.8314724,457587
Norwalk,41.117744,-73.4081575,87776
Kentwood,42.8694731,-85.6447492,50233
Brookfield,43.0605671,-88.1064787,37999
Rockwall,32.9312336,-96.4597089,40922
Mishawaka,41.6619927,-86.1586156,47989
Tustin,33.7458511,-117.826166,78327
St. Cloud,45.5579451,-94.1632404,66297
Passaic,40.8567662,-74.1284764,70868
Escondido,33.1192068,-117.086421,148738
San Bruno,37.6304904,-122.4110835,42443
Berkeley,37.8715926,-122.272747,116768
San Clemente,33.4269728,-117.6119925,65040
Lawton,34.6035669,-98.3959291,97151
Eau Claire,44.811349,-91.4984941,67545
Maricopa,33.0581063,-112.0476423,45508
DeSoto,32.5896998,-96.8570738,51483
Fort Wayne,41.079273,-85.1393513,256496
Shoreline,47.7556531,-122.3415178,54790
Medford,42.4184296,-71.1061639,57170
La Habra,33.9319578,-117.9461734,61653
Albany,42.6525793,-73.7562317,98424
Daly City,37.6879241,-122.4702079,104739
Taylor,42.240872,-83.2696509,61817
Lynchburg,37.4137536,-79.1422464,78014
Bowie,39.0067768,-76.7791365,56759
Danbury,41.394817,-73.4540111,83684
Charlottesville,38.0293059,-78.4766781,44349
Coral Gables,25.72149,-80.2683838,49631
Coeur d'Alene,47.6776832,-116.7804664,46402
El Monte,34.0686206,-118.0275667,115708
Crystal Lake,42.2411344,-88.3161965,40388
Danville,37.8215929,-121.9999606,43341
Goodyear,33.4353394,-112.3576567,72864
Paterson,40.9167654,-74.171811,145948
Salem,44.9428975,-123.0350963,160614
Kissimmee,28.2919557,-81.407571,65173
Saginaw,43.4194699,-83.9508068,50303
Brownsville,25.9017472,-97.4974838,181860
Flower Mound,33.0145673,-97.0969552,68609
Grapevine,32.9342919,-97.0780654,50195
Edina,44.8896866,-93.3499489,49376
Detroit,42.331427,-83.0457538,688701
Fairfield,39.3454673,-84.5603187,42635
Mansfield,32.5631924,-97.1416768,60872
Rochester,43.16103,-77.6109219,210358
Birmingham,33.5206608,-86.80249,212113
Austin,30.267153,-97.7430608,885400
Santa Barbara,34.4208305,-119.6981901,90412
Addison,41.931696,-87.9889556,37385
Rio Rancho,35.2327544,-106.6630437,91956
Normal,40.5142026,-88.9906312,54664
Romeoville,41.6475306,-88.0895061,39650
Coon Rapids,45.1732394,-93.3030063,62103
San Mateo,37.5629917,-122.3255254,101128
Orlando,28.5383355,-81.3792365,255483
Casper,42.866632,-106.313081,59628
Bedford,32.844017,-97.1430671,48592
Wilmington,34.2257255,-77.9447102,112067
Pinellas Park,27.8428025,-82.6995443,49998
North Miami Beach,25.9331488,-80.1625463,43250
Kansas City,39.114053,-94.6274636,148483
Fitchburg,42.5834228,-71.8022955,40383
Wheeling,42.1391927,-87.9289591,38015
Newton,42.3370413,-71.2092214,87971
North Miami,25.8900949,-80.1867138,61007
Norwich,41.5242649,-72.0759105,40347
Newark,40.735657,-74.1723667,278427
Alexandria,31.3112936,-92.4451371,48426
Blaine,45.1607987,-93.2349489,60407
Harlingen,26.1906306,-97.6961026,65665
Lompoc,34.6391501,-120.4579409,43509
Denton,33.2148412,-97.1330683,123099
Galveston,29.3013479,-94.7976958,48733
Greenwood,39.6136578,-86.1066526,53665
Salinas,36.6777372,-121.6555013,155662
Miami Gardens,25.9420377,-80.2456045,111378
Huntington,38.4192496,-82.445154,49177
Laredo,27.5305671,-99.4803241,248142
Melbourne,28.0836269,-80.6081089,77508
Haltom City,32.7995738,-97.2691817,43580
Palm Bay,28.0344621,-80.5886646,104898
Wilson,35.7212689,-77.9155395,49628
Bountiful,40.8893895,-111.880771,43023
Ceres,37.5949316,-120.9577098,46714
Parma,41.4047742,-81.7229086,80429
Rapid City,44.0805434,-103.2310149,70812
Bell Gardens,33.9652918,-118.1514588,42889
Commerce City,39.8083196,-104.9338675,49799
Springfield,42.1014831,-72.589811,153703
Fort Collins,40.5852602,-105.084423,152061
San Leandro,37.7249296,-122.1560768,87965
Vista,33.2000368,-117.2425355,96929
Yonkers,40.9312099,-73.8987469,199766
Cincinnati,39.1031182,-84.5120196,297517
Hagerstown,39.6417629,-77.7199932,40612
Sanford,28.8028612,-81.269453,56002
Union City,40.6975898,-74.2631635,68247
Toledo,41.6639383,-83.555212,282313
Sierra Vista,31.5455001,-110.2772856,45129
Newport News,37.0870821,-76.4730122,182020
Hammond,41.5833688,-87.5000412,78967
Buffalo Grove,42.1662831,-87.9631308,41778
Sugar Land,29.6196787,-95.6349463,83860
Huntsville,34.7303688,-86.5861037,186254
Lodi,38.1341477,-121.2722194,63338
Edmonds,47.8106521,-122.3773552,40727
Duncanville,32.6518004,-96.9083366,39605
Rocky Mount,35.9382103,-77.7905339,56954
Pontiac,42.6389216,-83.2910468,59887
National City,32.6781085,-117.0991967,59834
Hayward,37.6688205,-122.0807964,151574
Niagara Falls,43.0962143,-79.0377388,49468
Sparks,39.5349112,-119.7526886,93282
Hanford,36.3274502,-119.6456844,54686
Cypress,33.8169599,-118.0372852,49087
Youngstown,41.0997803,-80.6495194,65184
Madison,34.6992579,-86.7483318,45799
Redlands,34.0555693,-117.1825381,69999
Cape Girardeau,37.3058839,-89.5181476,38816
Nampa,43.5407172,-116.5634624,86518
Washington,38.9071923,-77.0368707,646449
Wheaton,41.8661403,-88.1070127,53648
Lancaster,32.5920798,-96.7561082,38071
Rialto,34.1064001,-117.3703235,101910
Fargo,46.8771863,-96.7898034,113658
Peoria,40.6936488,-89.5889864,116513
Omaha,41.2523634,-95.9979883,434353
Rancho Santa Margarita,33.640855,-117.603104,49228
Manhattan,39.1836082,-96.5716694,56143
Palm Springs,33.8302961,-116.5452921,46281
San Diego,32.715738,-117.1610838,1355896
Santa Rosa,38.440429,-122.7140548,171990
Lowell,42.6334247,-71.3161718,108861
Broken Arrow,36.060949,-95.7974526,103500
Kent,47.3809335,-122.2348431,124435
Nashville,36.1626638,-86.7816016,634464
Hackensack,40.8859325,-74.0434736,44113
Broomfield,39.9205411,-105.0866504,59471
Durham,35.9940329,-78.898619,245475
Wichita,37.688889,-97.336111,386552
Cathedral City,33.7805388,-116.4668036,52977
Lakeville,44.6496868,-93.24272,58562
Elmhurst,41.8994744,-87.9403418,45556
Weslaco,26.1595194,-97.9908366,37093
Greenfield,42.9614039,-88.0125865,37159
Sunnyvale,37.36883,-122.0363496,147559
Santa Cruz,36.9741171,-122.0307963,62864
Kenosha,42.5847425,-87.8211854,99889
State College,40.7933949,-77.8600012,41757
Mansfield,40.75839,-82.5154471,46454
Quincy,39.9356016,-91.4098726,40915
Pompano Beach,26.2378597,-80.1247667,104410
San Angelo,31.4637723,-100.4370375,97492
Bloomington,40.4842027,-88.9936873,78902
Tracy,37.7396513,-121.4252227,84691
Spartanburg,34.9495672,-81.9320482,37647
Nashua,42.7653662,-71.467566,87137
Macon,32.8406946,-83.6324022,89981
Hempstead,40.7062128,-73.6187397,55361
Camden,39.9259463,-75.1196199,76903
Palm Desert,33.7222445,-116.3744556,50508
Streamwood,42.0255827,-88.1784085,40351
Chesapeake,36.7682088,-76.2874927,230571
Dublin,40.0992294,-83.1140771,43607
Camarillo,34.2163937,-119.0376023,66086
Muskegon,43.2341813,-86.2483921,37213
Elizabeth,40.6639916,-74.2107006,127558
Anchorage,61.2180556,-149.9002778,300950
Minot,48.2329668,-101.2922906,46321
Davie,26.0764783,-80.2521157,96830
McAllen,26.2034071,-98.2300124,136639
McKinney,33.1972465,-96.6397822,148559
Killeen,31.1171194,-97.7277959,137147
Findlay,41.04422,-83.6499321,41512
Oakland,37.8043637,-122.2711137,406253
Mountain View,37.3860517,-122.0838511,77846
Lake Elsinore,33.6680772,-117.3272615,57525
Amarillo,35.2219971,-101.8312969,196429
Provo,40.2338438,-111.6585337,116288
Atlanta,33.7489954,-84.3879824,447841
Monterey Park,34.0625106,-118.1228476,61085
Strongsville,41.3144966,-81.83569,44730
Madera,36.9613356,-120.0607176,63105
Decatur,39.8403147,-88.9548001,74710
Woonsocket,42.0028761,-71.5147839,41026
Mobile,30.6953657,-88.0398912,194899
Vallejo,38.1040864,-122.2566367,118837
Arcadia,34.1397292,-118.0353449,57639
Collierville,35.042036,-89.6645266,47333
Jefferson City,38.5767017,-92.1735164,43330
Longview,32.5007037,-94.7404891,81443
Chandler,33.3061605,-111.8412502,249146
Arvada,39.8027644,-105.0874842,111707
Alhambra,34.095287,-118.1270146,84577
Kokomo,40.486427,-86.1336033,56895
Oakland Park,26.1723065,-80.1319893,43286
Indianapolis,39.768403,-86.158068,843393
Boynton Beach,26.5317866,-80.0905465,71097
Apache Junction,33.4150485,-111.5495777,37130
Mount Prospect,42.0664167,-87.9372908,54771
Cranston,41.7798226,-71.4372796,80566
Lafayette,40.4167022,-86.8752869,70373
Olathe,38.8813958,-94.8191285,131885
Johns Creek,34.0289259,-84.198579,82788
Greensboro,36.0726354,-79.7919754,279639
Kalamazoo,42.2917069,-85.5872286,75548
Tigard,45.4312294,-122.7714861,50444
Jacksonville,34.7540524,-77.4302414,69079
Citrus Heights,38.7071247,-121.2810611,85285
Tuscaloosa,33.2098407,-87.5691735,95334
Ankeny,41.7317884,-93.6001278,51567
Hawthorne,33.9164032,-118.3525748,86199
Hoover,33.4053867,-86.8113781,84126
Delray Beach,26.4614625,-80.0728201,64072
Wellington,26.6617635,-80.2683571,60202
Bullhead City,35.1359386,-114.5285981,39383
Weston,26.1003654,-80.3997748,68388
Troy,42.6064095,-83.1497751,82821
New Rochelle,40.9114882,-73.7823549,79446
Stockton,37.9577016,-121.2907796,298118
Royal Oak,42.4894801,-83.1446485,58946
Titusville,28.6122187,-80.8075537,44206
Laguna Niguel,33.5225261,-117.7075526,64652
Spokane Valley,47.6732281,-117.2393748,91113
Costa Mesa,33.6411316,-117.9186689,112174
Grand Prairie,32.7459645,-96.9977846,183372
Portsmouth,36.8354258,-76.2982742,96205
Lacey,47.0342629,-122.8231915,44919
Apex,35.732652,-78.8502856,42214
Sioux City,42.4999942,-96.4003069,82459
Encinitas,33.0369867,-117.2919818,61588
Spanish Fork,40.114955,-111.654923,36956
Huntington Park,33.9816812,-118.2250725,58879
Eden Prairie,44.8546856,-93.470786,62603
Peoria,33.5805955,-112.2373779,162592
Tempe,33.4255104,-111.9400054,168228
Wilmington,39.7390721,-75.5397878,71525
Taylorsville,40.6677248,-111.9388258,60519
Westland,42.324204,-83.400211,82578
Mesquite,32.7667955,-96.5991593,143484
Burlington,36.0956918,-79.4377991,51510
Garland,32.912624,-96.6388833,234566
Richmond,37.9357576,-122.3477486,107571
Bismarck,46.8083268,-100.7837392,67034
Carson City,39.1637984,-119.7674034,54080
Muskogee,35.7478769,-95.3696909,38863
Augusta-Richmond County,33.4734978,-82.0105148,197350
Fayetteville,35.0526641,-78.8783585,204408
Albany,31.5785074,-84.155741,76185
Sayreville,40.4594021,-74.360846,44412
Newark,37.5296593,-122.0402399,44096
Diamond Bar,34.0286226,-117.8103367,56449
Decatur,34.6059253,-86.9833417,55816
Chattanooga,35.0456297,-85.3096801,173366
Jeffersonville,38.2775702,-85.7371847,45929
Bartlett,41.9950276,-88.1856301,41679
Baldwin Park,34.0852868,-117.9608978,76635
Miami Beach,25.790654,-80.1300455,91026
Jackson,35.6145169,-88.8139469,67685
Port Arthur,29.8849504,-93.939947,54135
San Luis Obispo,35.2827524,-120.6596156,46377
Burleson,32.5420821,-97.3208492,40714
Newport Beach,33.6189101,-117.9289469,87273
Riverton,40.521893,-111.9391023,40921
Yakima,46.6020711,-120.5058987,93257
Dayton,39.7589478,-84.1916069,143355
Gulfport,30.3674198,-89.0928155,71012
Long Beach,33.7700504,-118.1937395,469428
Chico,39.7284944,-121.8374777,88077
Hattiesburg,31.3271189,-89.2903392,47556
Eugene,44.0520691,-123.0867536,159190
Colton,34.0739016,-117.3136547,53243
Montebello,34.0165053,-118.1137535,63495
Pleasanton,37.6624312,-121.8746789,74110
Everett,47.9789848,-122.2020794,105370
Hutchinson,38.0608445,-97.9297743,41889
Fairfield,38.2493581,-122.0399663,109320
Avondale,33.4355977,-112.3496021,78822
Euclid,41.5931049,-81.5267873,48139
Battle Creek,42.3211522,-85.1797142,51848
Bloomington,44.840798,-93.2982799,86319
Rock Island,41.5094771,-90.5787476,38877
Beaverton,45.487062,-122.8037102,93542
Kenner,29.9940924,-90.2417434,66975
Clovis,34.4047987,-103.2052272,39508
Troy,42.7284117,-73.6917851,49974
Milpitas,37.4323341,-121.8995741,69783
Des Plaines,42.0333623,-87.8833991,58918
Placentia,33.8722371,-117.8703363,52206
Taunton,41.900101,-71.0897674,56069
Montclair,34.0775104,-117.6897776,38027
Johnson City,36.3134397,-82.3534727,65123
Savannah,32.0835407,-81.0998342,142772
Warren,41.2375569,-80.8184166,40768
Vancouver,45.6387281,-122.6614861,167405
Sunrise,26.1669711,-80.256595,90116
Muncie,40.1933767,-85.3863599,70316
Lehi,40.3916172,-111.8507662,54382
San Francisco,37.7749295,-122.4194155,837442
Fontana,34.0922335,-117.435048,203003
Frisco,33.1506744,-96.8236116,136791
Chino Hills,33.9898188,-117.7325848,76572
Poway,32.9628232,-117.0358646,49417
Huber Heights,39.843947,-84.1246608,38142
New Brunswick,40.4862157,-74.4518188,55831
Norfolk,36.8507689,-76.2858726,246139
Hillsboro,45.5228939,-122.989827,97368
San Jacinto,33.7839084,-116.958635,45851
Pensacola,30.421309,-87.2169149,52703
Hamilton,39.3995008,-84.5613355,62258
Florence,34.1954331,-79.7625625,37792
San Bernardino,34.1083449,-117.2897652,213708
Peachtree Corners,33.9698929,-84.2214551,40059
Victorville,34.5362184,-117.2927641,121096
Gary,41.5933696,-87.3464271,78450
Casa Grande,32.8795022,-111.7573521,50111
Morgan Hill,37.1305012,-121.6543901,40836
Dubuque,42.5005583,-90.6645718,58253
Syracuse,43.0481221,-76.1474244,144669
Clarksville,36.5297706,-87.3594528,142357
Lakeland,28.0394654,-81.9498042,100710
Valley Stream,40.6642699,-73.7084645,37659
Dover,39.158168,-75.5243682,37366
Moorhead,46.8737648,-96.7678039,39398
Culver City,34.0211224,-118.3964665,39428
Palatine,42.1103041,-88.03424,69350
Seattle,47.6062095,-122.3320708,652405
Covington,39.0836712,-84.5085536,40956
Elk Grove,38.4087993,-121.3716178,161007
Shreveport,32.5251516,-93.7501789,200327
Ogden,41.223,-111.9738304,84249
Harrisonburg,38.4495688,-78.8689155,51395
Inglewood,33.9616801,-118.3531311,111542
Pasadena,34.1477849,-118.1445155,139731
Lawrence,42.7070354,-71.1631137,77657
Lake Oswego,45.4206749,-122.6706498,37610
Petaluma,38.232417,-122.6366524,59440
Springfield,39.9242266,-83.8088171,59357
Napa,38.2975381,-122.286865,79068
Aurora,39.7294319,-104.8319195,345803
Duluth,46.7866719,-92.1004852,86128
Roanoke,37.2709704,-79.9414266,98465
Bend,44.0581728,-121.3153096,81236
Apple Valley,34.5008311,-117.1858759,70924
Waltham,42.3764852,-71.2356113,62227
Fort Myers,26.640628,-81.8723084,68190
Tampa,27.950575,-82.4571776,352957
Upland,34.09751,-117.6483876,75413
Danville,36.5859718,-79.3950228,42907
Beloit,42.5083482,-89.0317765,36888
Plantation,26.1275862,-80.2331036,90268
Colorado Springs,38.8338816,-104.8213634,439886
Modesto,37.6390972,-120.9968782,204933
Grand Rapids,42.9633599,-85.6680863,192294
Oak Park,41.8850317,-87.7845025,52066
Sarasota,27.3364347,-82.5306527,53326
Jurupa Valley,33.9971974,-117.4854802,98030
Bellflower,33.8816818,-118.1170117,77593
Boulder,40.0149856,-105.2705456,103166
Santa Fe,35.6869752,-105.937799,69976
Coachella,33.6803003,-116.173894,43092
Marlborough,42.3459271,-71.5522874,39414
Riverside,33.9533487,-117.3961564,316619
Palmdale,34.5794343,-118.1164613,157161
Novato,38.1074198,-122.5697032,54194
Layton,41.0602216,-111.9710529,70790
Bolingbrook,41.6986416,-88.0683955,73936
Mission Viejo,33.6000232,-117.6719953,96346
Glenview,42.0697509,-87.7878408,45417
Lincoln,38.891565,-121.2930079,45237
Folsom,38.6779591,-121.1760583,73098
Prescott Valley,34.6100243,-112.315721,39791
Las Cruces,32.3199396,-106.7636538,101324
Bozeman,45.6769979,-111.0429339,39860
Schaumburg,42.0333607,-88.0834059,74907
Warren,42.5144566,-83.0146526,134873
St. Peters,38.7874699,-90.6298922,54842
Ames,42.034722,-93.62,61792
Surprise,33.6292337,-112.3679279,123546
Richardson,32.9483335,-96.7298519,104475
Midland,43.6155825,-84.2472116,42181
San Marcos,29.8832749,-97.9413941,54076
Wilkes-Barre,41.2459149,-75.8813075,41108
Appleton,44.2619309,-88.4153847,73596
Shawnee,39.0228485,-94.7151865,64323
Mentor,41.6661573,-81.339552,46979
Livermore,37.6818745,-121.7680088,85156
Charlotte,35.2270869,-80.8431267,792862
Owensboro,37.7719074,-87.1111676,58416
Jupiter,26.9342246,-80.0942087,58298
Rohnert Park,38.3396367,-122.7010984,41398
Chicago,41.8781136,-87.6297982,2718782
Billings,45.7832856,-108.5006904,109059
Wauwatosa,43.0494572,-88.0075875,47134
Lombard,41.8800296,-88.0078435,43907
New Haven,41.308274,-72.9278835,130660
York,39.9625984,-76.727745,43935
Knoxville,35.9606384,-83.9207392,183270
Elyria,41.3683798,-82.1076486,53956
Barnstable Town,41.7003208,-70.3002024,44641
Murray,40.6668916,-111.8879909,48612
Alameda,37.7652065,-122.2416355,76419
Manteca,37.7974273,-121.2160526,71948
Maplewood,44.9530215,-92.9952153,39765
Medford,42.3265152,-122.8755949,77677
Murfreesboro,35.8456213,-86.39027,117044
Yuba City,39.1404477,-121.6169108,65416
Shelton,41.3164856,-73.0931641,40999
Cedar Falls,42.5348993,-92.4453161,40566
Germantown,35.0867577,-89.8100858,39375
Scranton,41.408969,-75.6624122,75806
Auburn,32.6098566,-85.4807825,58582
Manassas,38.7509488,-77.4752667,41705
Vacaville,38.3565773,-121.9877444,94275
Santa Monica,34.0194543,-118.4911912,92472
Suffolk,36.7282054,-76.5835621,85728
Rochester Hills,42.6583661,-83.1499322,72952
La Quinta,33.6633573,-116.3100095,39331
Charleston,38.3498195,-81.6326234,50821
Delano,35.7688425,-119.2470536,52403
St. Cloud,28.2489016,-81.2811801,40918
Charleston,32.7764749,-79.9310512,127999
Kannapolis,35.4873613,-80.6217341,44359
Corona,33.8752935,-117.5664384,159503
Rocklin,38.7907339,-121.2357828,59738
Lee's Summit,38.9108408,-94.3821724,93184
Palm Coast,29.5844524,-81.2078699,78740
Sandy,40.5649781,-111.8389726,90231
Bentonville,36.3728538,-94.2088172,40167
Santa Clarita,34.3916641,-118.542586,179590
Altamonte Springs,28.6611089,-81.3656242,42150
New Braunfels,29.7030024,-98.1244531,63279
Memphis,35.1495343,-90.0489801,653450
Irving,32.8140177,-96.9488945,228653
Alexandria,38.8048355,-77.0469214,148892
Hesperia,34.4263886,-117.3008784,92147
Holyoke,42.2042586,-72.6162009,40249
Dunwoody,33.9462125,-84.3346473,47591
Skokie,42.0324025,-87.7416246,65176
Kearny,40.7684342,-74.1454214,41664
Bethlehem,40.6259316,-75.3704579,75018
St. Joseph,39.7674578,-94.846681,77147
Redondo Beach,33.8491816,-118.3884078,67815
Houston,29.7604267,-95.3698028,2195914
Temecula,33.4936391,-117.1483648,106780
Ann Arbor,42.2808256,-83.7430378,117025
Beaumont,30.080174,-94.1265562,117796
East Lansing,42.7369792,-84.4838654,48554
Santee,32.8383828,-116.9739167,56105
Tamarac,26.2128609,-80.2497707,63155
Bellevue,41.1543623,-95.9145568,53663
Pembroke Pines,26.007765,-80.2962555,162329
Springdale,36.1867442,-94.1288141,75229
Oxnard,34.1975048,-119.1770516,203007
Odessa,31.8456816,-102.3676431,110720
Stillwater,36.1156071,-97.0583681,47186
Brockton,42.0834335,-71.0183787,94089
Bayonne,40.6687141,-74.1143091,65028
Paramount,33.8894598,-118.1597911,54980
Moline,41.5067003,-90.5151342,43116
Meridian,32.3643098,-88.703656,40921
Cleveland,35.1595182,-84.8766115,42774
Jersey City,40.7281575,-74.0776417,257342
St. Paul,44.9537029,-93.0899578,294873
Deltona,28.9005446,-81.2636738,86290
Freeport,40.6576022,-73.5831835,43167
Iowa City,41.6611277,-91.5301683,71591
Anaheim,33.8352932,-117.9145036,345012
Apple Valley,44.7319094,-93.21772,50201
Great Falls,47.4941836,-111.2833449,59351
West Valley City,40.6916132,-112.0010501,133579
Hampton,37.0298687,-76.3452218,136699
Georgetown,30.6332618,-97.6779842,54898
Orem,40.2968979,-111.6946475,91648
Monrovia,34.1442616,-118.0019482,37101
Keller,32.9341893,-97.229298,42907
Goose Creek,32.9810059,-80.0325867,39823
Little Rock,34.7464809,-92.2895948,197357
Santa Ana,33.7455731,-117.8678338,334227
White Plains,41.0339862,-73.7629097,57866
Idaho Falls,43.4916514,-112.0339645,58292
Bellevue,47.610377,-122.2006786,133992
Roseville,38.7521235,-121.2880059,127035
Perth Amboy,40.5067723,-74.2654234,51982
Peabody,42.5278731,-70.9286609,52044
Grand Island,40.9263957,-98.3420118,50550
Columbia,38.9517053,-92.3340724,115276
Racine,42.7261309,-87.7828523,78199
Carmel,39.978371,-86.1180435,85927
Portage,42.2011538,-85.5800022,47523
Middletown,39.5150576,-84.3982763,48630
Woodland,38.6785157,-121.7732971,56590
Revere,42.4084302,-71.0119948,53756
Euless,32.8370727,-97.0819541,53224
Arlington Heights,42.0883603,-87.9806265,75994
Hemet,33.7475203,-116.9719684,81750
High Point,35.9556923,-80.0053176,107741
Newark,40.0581205,-82.4012642,47777
Midwest City,35.4495065,-97.3967019,56756
San Marcos,33.1433723,-117.1661449,89387
Port Orange,29.1383165,-80.9956105,57203
Lakewood,33.8536269,-118.1339563,81121
Westerville,40.1261743,-82.9290696,37530
Rockford,42.2711311,-89.0939952,150251
El Cajon,32.7947731,-116.9625269,102211
St. Petersburg,27.773056,-82.64,249688
Downers Grove,41.8089191,-88.0111746,49670
Milford,41.2306979,-73.064036,51644
Albany,44.6365107,-123.1059282,51583
Las Vegas,36.1699412,-115.1398296,603488
Pasadena,29.6910625,-95.2091006,152735
Port St. Lucie,27.2730492,-80.3582261,171016
Cedar Rapids,41.9778795,-91.6656232,128429
Ormond Beach,29.2858129,-81.0558894,38661
Quincy,42.2528772,-71.0022705,93494
Miramar,25.9860762,-80.3035602,130288
El Paso,31.7775757,-106.4424559,674433
Topeka,39.0558235,-95.6890185,127679
Rosemead,34.0805651,-118.072846,54561
Keizer,44.9901194,-123.0262077,37064
Minnetonka,44.9211836,-93.4687489,51368
Akron,41.0814447,-81.5190053,198100
Edinburg,26.3017374,-98.1633432,80836
Rancho Cucamonga,34.1063989,-117.5931084,171386
North Charleston,32.8546197,-79.9748103,104054
Louisville,38.2526647,-85.7584557,609893
Watsonville,36.910231,-121.7568946,52477
Coconut Creek,26.2517482,-80.1789351,56792
Bradenton,27.4989278,-82.5748194,51763
Carlsbad,33.1580933,-117.3505939,110972
Texas City,29.383845,-94.9027002,46081
Redding,40.5865396,-122.3916754,91119
Wyoming,42.9133602,-85.7053085,74100
Lorain,41.452819,-82.1823746,63710
Roy,41.1616108,-112.0263313,37733
Fort Lauderdale,26.1224386,-80.1373174,172389
Warner Robins,32.6130007,-83.624201,72531
Clearwater,27.9658533,-82.8001026,109703
Cutler Bay,25.5808323,-80.3468593,43328
Florence,34.79981,-87.677251,40059
Terre Haute,39.4667034,-87.4139092,61025
Temple,31.0982344,-97.342782,70190
Beavercreek,39.7092262,-84.0632685,45712
Sioux Falls,43.5445959,-96.7311034,164676
Columbus,39.2014404,-85.9213796,45775
Margate,26.2445263,-80.206436,55456
Leominster,42.5250906,-71.759794,41002
Warwick,41.7001009,-71.4161671,81971
Bakersfield,35.3732921,-119.0187125,363630
Miami,25.7616798,-80.1917902,417650
Lake Charles,30.2265949,-93.2173758,74024
Richland,46.2856907,-119.2844621,52413
Hickory,35.7344538,-81.3444573,40361
South San Francisco,37.654656,-122.4077498,66174
Plymouth,45.0105194,-93.4555093,73987
South Bend,41.6763545,-86.2519898,100886
Edmond,35.6528323,-97.4780954,87004
Des Moines,41.6005448,-93.6091064,207510
Bonita Springs,26.339806,-81.7786972,47547
Draper,40.5246711,-111.8638226,45285
Whittier,33.9791793,-118.032844,86635
Livonia,42.36837,-83.3527097,95208
Milwaukee,43.0389025,-87.9064736,599164
Auburn,47.3073228,-122.2284532,74860
Sumter,33.9204354,-80.3414693,41190
Beverly,42.5584283,-70.880049,40664
Renton,47.4828776,-122.2170661,97003
Centennial,39.5807452,-104.8771726,106114
Richmond,37.5407246,-77.4360481,214114
Anderson,40.1053196,-85.6802541,55670
Beaumont,33.9294606,-116.977248,40481
Pflugerville,30.4393696,-97.6200043,53752
Hoboken,40.7439905,-74.0323626,52575
Lexington-Fayette,38.0405837,-84.5037164,308428
Norwalk,33.9022367,-118.081733,106589
Yuma,32.6926512,-114.6276916,91923
Highland,34.1283442,-117.2086513,54291
Carol Stream,41.9125286,-88.1347927,40379
Joliet,41.525031,-88.0817251,147806
Rock Hill,34.9248667,-81.0250784,69103
Rancho Cordova,38.5890723,-121.302728,67911
Dearborn Heights,42.3369816,-83.2732627,56620
Honolulu,21.3069444,-157.8583333,347884
Victoria,28.8052674,-97.0035982,65098
Attleboro,41.9445441,-71.2856082,43886
Wylie,33.0151201,-96.5388789,44575
Carrollton,32.9756415,-96.8899636,126700
Plainfield,41.632223,-88.2120315,41734
Hoffman Estates,42.0629915,-88.1227199,52398
Methuen,42.7262016,-71.1908924,48514
North Port,27.044224,-82.2359254,59212
Rockville,39.0839973,-77.1527578,64072
Burbank,34.1808392,-118.3089661,104709
Fullerton,33.8703596,-117.9242966,138981
Oshkosh,44.0247062,-88.5426136,66778
Huntsville,30.7235263,-95.5507771,39795
Farmington Hills,42.4989936,-83.3677168,81295
Pico Rivera,33.9830688,-118.096735,63771
Cerritos,33.8583483,-118.0647871,49707
La Puente,34.0200114,-117.9495083,40435
Grand Junction,39.0638705,-108.5506486,59778
Enid,36.3955891,-97.8783911,50725
San Jose,37.3382082,-121.8863286,998537
Round Rock,30.5082551,-97.678896,109821
Maple Grove,45.0724642,-93.4557877,65415
Norman,35.2225668,-97.4394777,118197
Homestead,25.4687224,-80.4775569,64079
Friendswood,29.5293998,-95.2010447,37587
Irvine,33.6839473,-117.7946942,236716
Pocatello,42.8713032,-112.4455344,54350
Pacifica,37.6138253,-122.4869194,38606
Sheboygan,43.7508284,-87.71453,48725
Bossier City,32.5159852,-93.7321228,66333
Cedar Park,30.505198,-97.8202888,61238
Sandy Springs,33.9304352,-84.3733147,99770
Champaign,40.1164204,-88.2433829,83424
Clifton,40.8584328,-74.1637553,85390
Moore,35.3395079,-97.4867028,58414
Blue Springs,39.0169509,-94.2816148,53294
Lancaster,34.6867846,-118.1541632,159523
Bryan,30.6743643,-96.3699632,78709
Hurst,32.8234621,-97.1705678,38448
Cape Coral,26.5628537,-81.9495331,165831
Cupertino,37.3229978,-122.0321823,60189
Pittsfield,42.4500845,-73.2453824,44057
Gilroy,37.0057816,-121.5682751,51701
Manchester,42.9956397,-71.4547891,110378
Virginia Beach,36.8529263,-75.977985,448479
Salina,38.8402805,-97.6114237,47846
Somerville,42.3875968,-71.0994968,78804
Largo,27.9094665,-82.7873244,78409
Fresno,36.7468422,-119.7725868,509924
Phenix City,32.4709761,-85.0007653,37498
Berwyn,41.8505874,-87.7936685,56758
Palm Beach Gardens,26.8233946,-80.1386547,50699
Pawtucket,41.878711,-71.3825558,71172
San Gabriel,34.0961111,-118.1058333,40275
Winston-Salem,36.0998596,-80.244216,236441
Alpharetta,34.0753762,-84.2940899,62298
O'Fallon,38.8106075,-90.6998477,82809
Redwood City,37.4852152,-122.2363548,80872
Union City,37.5933918,-122.0438298,72528
Hallandale Beach,25.9812024,-80.148379,38632
Mankato,44.1635775,-93.9993996,40641
Aliso Viejo,33.5676842,-117.7256083,50175
Menifee,33.6971468,-117.185294,83447
Loveland,40.3977612,-105.0749801,71334
Carpentersville,42.1211364,-88.2578582,38241
Providence,41.8239891,-71.4128343,177994
Hialeah,25.8575963,-80.2781057,233394
San Ramon,37.7799273,-121.9780153,74513
Ontario,34.0633443,-117.6508876,167500
Kirkland,47.6814875,-122.2087353,84430
St. George,37.0965278,-113.5684164,76817
Hilton Head Island,32.216316,-80.752608,39412
Glendale,34.1425078,-118.255075,196021
Meriden,41.5381535,-72.8070435,60456
Gardena,33.8883487,-118.3089624,59957
Westfield,42.1250929,-72.749538,41301
Elgin,42.0354084,-88.2825668,110145
Plano,33.0198431,-96.6988856,274409
Longmont,40.1672068,-105.1019275,89919
Coppell,32.9545687,-97.0150078,40342
Lakewood,41.4819932,-81.7981908,51143
Jonesboro,35.8422967,-90.704279,71551
College Station,30.627977,-96.3344068,100050
Dearborn,42.3222599,-83.1763145,95884
Utica,43.100903,-75.232664,61808
Monroe,32.5093109,-92.1193012,49761
Baltimore,39.2903848,-76.6121893,622104
Springfield,37.2089572,-93.2922989,164122
Pine Bluff,34.2284312,-92.0031955,46094
Plainfield,40.6337136,-74.4073736,50588
Lynn,42.466763,-70.9494938,91589
Woodbury,44.9238552,-92.9593797,65656
Gainesville,29.6516344,-82.3248262,127488
West Sacramento,38.5804609,-121.530234,49891
Sammamish,47.6162683,-122.0355736,50169
Aventura,25.9564812,-80.1392121,37199
Fayetteville,36.0625795,-94.1574263,78960
San Rafael,37.9735346,-122.5310874,58994
Conway,35.0886963,-92.4421011,63816
Tacoma,47.2528768,-122.4442906,203446
Middletown,41.5623209,-72.6506488,47333
Burlington,44.4758825,-73.212072,42284
Twin Falls,42.5629668,-114.4608711,45981
Sherman,33.6356618,-96.6088805,39296
New York,40.7127837,-74.0059413,8405837
Simi Valley,34.2694474,-118.781482,126181
West Covina,34.0686208,-117.9389526,107740
Castle Rock,39.3722121,-104.8560902,53063
Valdosta,30.8327022,-83.2784851,56481
Fort Worth,32.7554883,-97.3307658,792727
Carson,33.8316745,-118.281693,92599
Evansville,37.9715592,-87.5710898,120310
Santa Maria,34.9530337,-120.4357191,102216
Brentwood,36.0331164,-86.7827772,40021
La Mesa,32.7678287,-117.0230839,58642
Westminster,39.8366528,-105.0372046,110945
Reading,40.3356483,-75.9268747,87893
Turlock,37.4946568,-120.8465941,70365
Greeley,40.4233142,-104.7091322,96539
Tyler,32.3512601,-95.3010624,100223
Winter Garden,28.5652787,-81.5861847,37711
Waco,31.549333,-97.1466695,129030
Martinez,38.0193657,-122.1341321,37165
Thousand Oaks,34.1705609,-118.8375937,128731
Azusa,34.1336186,-117.9075627,47842
Bridgeport,41.1865478,-73.1951767,147216
St. Louis Park,44.9597376,-93.3702186,47411
Chesterfield,38.6631083,-90.5770675,47749
Greenacres,26.6276276,-80.1353896,38696
Pasco,46.2395793,-119.1005657,67599
Torrance,33.8358492,-118.3406288,147478
Madison,43.0730517,-89.4012302,243344
Janesville,42.6827885,-89.0187222,63820
Waukegan,42.3636331,-87.8447938,88826
Bowling Green,36.9685219,-86.4808043,61488
Arlington,32.735687,-97.1080656,379577
Lewisville,33.046233,-96.994174,101074
Farmington,36.7280583,-108.2186856,45426
Oakley,37.9974219,-121.7124536,38194
Palo Alto,37.4418834,-122.1430195,66642
Springfield,44.0462362,-123.0220289,60177
New Bedford,41.6362152,-70.934205,95078
Redmond,47.6739881,-122.121512,57530
Brentwood,37.931868,-121.6957863,55000
Davis,38.5449065,-121.7405167,66205
La Mirada,33.9172357,-118.0120086,49133
Smyrna,35.9828412,-86.5186045,43060
Altoona,40.5186809,-78.3947359,45796
Dothan,31.2232313,-85.3904888,68001
East Orange,40.767323,-74.2048677,64544
Tinley Park,41.5731442,-87.7932939,57282
Biloxi,30.3960318,-88.8853078,44820
Urbana,40.1105875,-88.2072697,41752
Garden Grove,33.7739053,-117.9414477,175140
Lynwood,33.930293,-118.2114603,71371
Northglenn,39.8961821,-104.9811468,37499
Canton,40.7989473,-81.378447,72535
Brookhaven,33.8651033,-84.3365917,50603
Baton Rouge,30.4582829,-91.1403196,229426
Bristol,41.6717648,-72.9492703,60568
Independence,39.0911161,-94.4155068,117240
Lansing,42.732535,-84.5555347,113972
Orland Park,41.6303103,-87.8539425,58590
Vineland,39.4863773,-75.0259637,61050
Green Bay,44.519159,-88.019826,104779
Evanston,42.0450722,-87.6876969,75570
Ocoee,28.5691677,-81.5439619,39172
Los Angeles,34.0522342,-118.2436849,3884307
Federal Way,47.3223221,-122.3126222,92734
West Jordan,40.6096698,-111.9391031,110077
Yucaipa,34.033625,-117.0430865,52536
Pittsburgh,40.4406248,-79.9958864,305841
Downey,33.9401088,-118.1331593,113242
Cicero,41.8455877,-87.7539448,84103
South Gate,33.954737,-118.2120161,95677
Panama City,30.1588129,-85.6602058,36877
Joplin,37.0842271,-94.513281,50789
League City,29.5074538,-95.0949303,90983
Salt Lake City,40.7607793,-111.8910474,191180
Fort Pierce,27.4467056,-80.3256056,43074
Phoenix,33.4483771,-112.0740373,1513367
Corvallis,44.5645659,-123.2620435,55298
Cedar Hill,32.5884689,-96.9561152,46663
Chicopee,42.1487043,-72.6078672,55717
Ocala,29.1871986,-82.1400923,57468
Roswell,34.0232431,-84.3615555,94034
Park Ridge,42.0111412,-87.8406192,37839
Concord,43.2081366,-71.5375718,42419
Olympia,47.0378741,-122.9006951,48338
Huntington Beach,33.660297,-117.9992265,197575
Corpus Christi,27.8005828,-97.396381,316381
Haverhill,42.7762015,-71.0772796,62088
Hanover Park,41.9994722,-88.1450735,38510
Cambridge,42.3736158,-71.1097335,107289
Glendale,33.5386523,-112.1859866,234632
Stanton,33.8025155,-117.9931165,38623
Summerville,33.0185039,-80.1756481,46074
Davenport,41.5236437,-90.5776367,102157
Boca Raton,26.3683064,-80.1289321,89407
New Britain,41.6612104,-72.7795419,72939
Roseville,42.4972583,-82.9371409,47555
Cleveland Heights,41.5200518,-81.556235,45394
Gresham,45.5001357,-122.4302013,109397
Lauderhill,26.1403635,-80.2133808,69813
Hendersonville,36.3047735,-86.6199957,54068
Santa Clara,37.3541079,-121.9552356,120245
Oceanside,33.1958696,-117.3794834,172794
Lake Forest,33.6469661,-117.689218,79312
Novi,42.48059,-83.4754913,57960
West New York,40.7878788,-74.0143064,52122
Everett,42.40843,-71.0536625,42935
Linden,40.6220478,-74.2445902,41301
Asheville,35.5950581,-82.5514869,87236
Compton,33.8958492,-118.2200712,97877
